Year,Actual,ARIMA,GBM,LSTM,Ensemble
2017,890,216.25537470436197,924.5345121846912,48.45477092177142,396.4148859369415
2018,1707,581.99595870232,649.1020252126922,717.2597945716378,649.4525928288834
2019,1861,750.3018260864953,73.91683368995872,186.12648383745324,336.7817145379691
2020,1728,423.43551141142933,195.6401791080077,770.8207772615949,463.29882259367724
2021,1736,912.9652082502453,101.47665944047668,986.3915747410023,666.9444808105746
